cluster,0,1,2
0,1.0,-0.11751521733729273,0.05210970941855728
1,-0.11751521733729273,1.0,0.02009021847390816
2,0.05210970941855728,0.02009021847390816,1.0
